model,rmse,r2,cv_rmse,time_sec,best_params
linreg,0.0037140245013564,0.1525385705902053,,0.0125679969787597,
ridge,0.0037140274312888,0.1525372334931487,,0.0135638713836669,
linear_svr,0.0038120372348494,0.1072195317622909,,20.924506902694706,
lasso,0.0040344551832526,-4.680807657031494e-07,,0.006782054901123,
elastic,0.0040344551832526,-4.680807657031494e-07,,0.0060899257659912,
svr,0.004149186878757018,-0.057685143041717124,,0.010689973831176758,
